{"count":1,"self":139.00639999999999,"total":11884.3099305,"children":{"InitializeActuators":{"count":3,"self":0.001,"total":0.001,"children":null},"InitializeSensors":{"count":3,"self":0.0030061999999999997,"total":0.0030061999999999997,"children":null},"AgentSendState":{"count":1009496,"self":5.9890647999999995,"total":1199.5428487,"children":{"CollectObservations":{"count":3028488,"self":290.2377472,"total":290.2377533,"children":null},"WriteActionMask":{"count":3028488,"self":3.3940976,"total":3.3940975,"children":null},"RequestDecision":{"count":3028488,"self":3.278037,"total":899.92193309999993,"children":{"AgentInfo.ToProto":{"count":3028488,"self":6.0135283999999993,"total":896.6438961,"children":{"GenerateSensorData":{"count":3028488,"self":19.054112,"total":890.63036779999993,"children":{"CameraSensor.GetCompressedObservation":{"count":3028488,"self":871.5762688,"total":871.57625639999992,"children":null}}}}}}}}},"DecideAction":{"count":1009496,"self":9723.3108992,"total":9723.3112554,"children":null},"AgentAct":{"count":1009496,"self":820.9920512,"total":822.44342009999991,"children":{"AgentInfo.ToProto":{"count":4461,"self":0.0100012,"total":1.4513584,"children":{"GenerateSensorData":{"count":4461,"self":0.0180126,"total":1.4413572,"children":{"CameraSensor.GetCompressedObservation":{"count":4461,"self":1.4233445999999998,"total":1.4233445999999998,"children":null}}}}}}}},"gauges":{"Agent.CumulativeReward":{"count":4461,"max":144967.188,"min":-100,"runningAverage":172.794128,"value":-75.9999847,"weightedAverage":-77.0227356}},"metadata":{"timer_format_version":"0.1.0","start_time_seconds":"1727175651","unity_version":"2021.3.20f1","command_line_arguments":"C:\/Users\/pdsie\/Documents\/human_intervention_marl\/env\/Hivex_AerialWildfireSuppression_win\/Hivex_AerialWildfireSuppression.exe -nographics -batchmode --mlagents-port 5007","communication_protocol_version":"1.5.0","com.unity.ml-agents_version":"2.2.1-exp.1","scene_name":"Wildfire_Main_hivex","end_time_seconds":"1727187535"}}